match_detail_id,game_no,team_a,team_b,team_a_kills,team_b_kills,winner,duration_str,duration_sec,team_a_side,team_b_side,vod_url
1036,1,EVOS,RRQ,11,7,team_a,16:51,1011,blue,red,https://www.youtube.com/watch?v=SuqcHmHNTos
1036,2,RRQ,EVOS,9,9,team_b,24:40,1480,blue,red,https://www.youtube.com/watch?v=7D7HZLDDKew
1037,1,AE,NAVI,21,16,team_a,22:42,1362,blue,red,https://www.youtube.com/watch?v=CGCbVSueZ7c
1037,2,NAVI,AE,3,11,team_b,11:27,687,blue,red,https://www.youtube.com/watch?v=Ap4igKgFkwU
1038,1,GEEK,TLID,12,1,team_a,10:51,651,blue,red,https://www.youtube.com/watch?v=QzZg6u0BIKg
1038,2,TLID,GEEK,17,3,team_a,10:46,646,blue,red,https://www.youtube.com/watch?v=RAg5sFSUgek
1038,3,TLID,GEEK,21,5,team_a,12:36,756,blue,red,https://www.youtube.com/watch?v=jkifdMOO9hs
1039,1,DEWA,RRQ,1,10,team_b,14:02,842,blue,red,https://www.youtube.com/watch?v=lE8P37x7Cqs
1039,2,DEWA,RRQ,25,14,team_a,19:43,1183,blue,red,https://www.youtube.com/watch?v=Jy6ckK9QF8w
1039,3,DEWA,RRQ,19,15,team_b,22:31,1351,blue,red,https://www.youtube.com/watch?v=TTB_l4t477k
1040,1,EVOS,NAVI,2,7,team_b,10:56,656,blue,red,https://www.youtube.com/watch?v=QsSwBa1P86g
1040,2,EVOS,NAVI,12,3,team_a,13:50,830,blue,red,https://www.youtube.com/watch?v=mBlvYhZMZ-w
1040,3,EVOS,NAVI,5,14,team_b,20:53,1253,blue,red,https://www.youtube.com/watch?v=Bu-yr8e7Ucc
1041,1,TLID,DEWA,16,6,team_a,14:17,857,blue,red,https://www.youtube.com/watch?v=9aax0kbnd3o
1041,2,DEWA,TLID,3,11,team_b,11:28,688,blue,red,https://www.youtube.com/watch?v=WURcQ5DQC4s
1042,1,BTR,GEEK,16,14,team_a,17:56,1076,blue,red,https://www.youtube.com/watch?v=kiV2YNqK-cs
1042,2,GEEK,BTR,24,16,team_a,22:17,1337,blue,red,https://www.youtube.com/watch?v=aEDrJ6iWWTM
1042,3,BTR,GEEK,14,2,team_a,11:03,663,blue,red,https://www.youtube.com/watch?v=N5kDZozOU50
1043,1,ONIC,AE,7,4,team_a,14:41,881,blue,red,https://www.youtube.com/watch?v=bs7FVfjFvuo
1043,2,ONIC,AE,13,4,team_a,17:14,1034,blue,red,https://www.youtube.com/watch?v=mzZ5dNKr0is
1044,1,TLID,NAVI,9,15,team_b,25:32,1532,blue,red,https://www.youtube.com/watch?v=wSneUu6hm00
1044,2,NAVI,TLID,12,9,team_a,22:38,1358,blue,red,https://www.youtube.com/watch?v=cOtKe2Akums
1045,1,DEWA,BTR,3,9,team_b,11:49,709,blue,red,https://www.youtube.com/watch?v=9t1g84BqIHQ
1045,2,BTR,DEWA,14,16,team_a,23:30,1410,blue,red,https://www.youtube.com/watch?v=vuVke2up1W4
1046,1,EVOS,TLID,9,12,team_b,16:30,990,blue,red,https://www.youtube.com/watch?v=Tox641iS5Xg
1046,2,TLID,EVOS,14,19,team_a,18:52,1132,blue,red,https://www.youtube.com/watch?v=gTgyXVoZ0tU
1047,1,NAVI,GEEK,16,10,team_a,23:23,1403,blue,red,https://www.youtube.com/watch?v=Li36fGrQhXY
1047,2,NAVI,GEEK,8,13,team_b,20:40,1240,blue,red,https://www.youtube.com/watch?v=X8ocvMx776s
1047,3,NAVI,GEEK,11,6,team_a,18:17,1097,blue,red,https://www.youtube.com/watch?v=PL4JJ0mWdZQ
1048,1,ONIC,RRQ,12,4,team_a,12:51,771,blue,red,https://www.youtube.com/watch?v=gy3UzA7qvn4
1048,2,RRQ,ONIC,8,22,team_b,30:00,1800,blue,red,https://www.youtube.com/watch?v=sGUJfrJyUk0
1049,1,DEWA,AE,6,15,team_b,10:41,641,blue,red,https://www.youtube.com/watch?v=bP_0SDLDh2g
1049,2,AE,DEWA,15,4,team_a,13:30,810,blue,red,https://www.youtube.com/watch?v=N5usEfpw3pc
1050,1,ONIC,BTR,10,19,team_b,20:29,1229,blue,red,https://www.youtube.com/watch?v=fyHvhqbEUrE
1050,2,ONIC,BTR,11,14,team_a,22:52,1372,blue,red,https://www.youtube.com/watch?v=D5rgfoMVP2Q
1050,3,ONIC,BTR,7,18,team_b,19:26,1166,blue,red,https://www.youtube.com/watch?v=-r_J54Ld6wk
1051,1,GEEK,EVOS,6,11,team_b,14:23,863,blue,red,https://www.youtube.com/watch?v=Djt96HXp_Zk
1051,2,EVOS,GEEK,15,7,team_a,12:34,754,blue,red,https://www.youtube.com/watch?v=gUfBxMU0Las
1052,1,NAVI,BTR,1,8,team_b,17:06,1026,blue,red,https://www.youtube.com/watch?v=BnxSJG3qqMk
1052,2,NAVI,BTR,5,11,team_b,13:21,801,blue,red,https://www.youtube.com/watch?v=gCPphj8UQz8
1053,1,DEWA,GEEK,13,12,team_a,13:19,799,blue,red,https://www.youtube.com/watch?v=elxe1p7T9Rw
1053,2,GEEK,DEWA,1,18,team_b,10:38,638,blue,red,https://www.youtube.com/watch?v=_8f-Yj6crlw
1054,1,TLID,ONIC,12,3,team_a,13:10,790,blue,red,https://www.youtube.com/watch?v=0k3cDpuLTSk
1054,2,ONIC,TLID,21,5,team_a,17:43,1063,blue,red,https://www.youtube.com/watch?v=cBbW9iZD8xM
1054,3,TLID,ONIC,7,12,team_a,21:54,1314,blue,red,https://www.youtube.com/watch?v=VRzSachK6Xg
1055,1,AE,EVOS,15,9,team_a,26:35,1595,blue,red,https://www.youtube.com/watch?v=Vz9cJDkUyzI
1055,2,EVOS,AE,7,18,team_b,17:22,1042,blue,red,https://www.youtube.com/watch?v=sv4KYJuo4zw
1056,1,RRQ,BTR,2,16,team_b,10:54,654,blue,red,https://www.youtube.com/watch?v=vVqFJdIxziY
1056,2,BTR,RRQ,1,12,team_b,10:32,632,blue,red,https://www.youtube.com/watch?v=FsbArVaUDPA
1056,3,RRQ,BTR,2,23,team_b,18:30,1110,blue,red,https://www.youtube.com/watch?v=YJj97Z7OgEw
1057,1,NAVI,ONIC,13,6,team_a,24:12,1452,blue,red,https://www.youtube.com/watch?v=02XoJNpOvVQ
1057,2,ONIC,NAVI,2,10,team_b,14:08,848,blue,red,https://www.youtube.com/watch?v=9bVrR3dTzx0
1058,1,RRQ,GEEK,11,1,team_a,11:48,708,blue,red,https://www.youtube.com/watch?v=kK5fc2HVes4
1058,2,RRQ,GEEK,11,13,team_a,27:33,1653,blue,red,https://www.youtube.com/watch?v=pTA9Se1g8j0
1059,1,TLID,AE,5,14,team_b,13:27,807,blue,red,https://www.youtube.com/watch?v=KWQ14tCO9R0
1059,2,AE,TLID,4,10,team_b,13:07,787,blue,red,https://www.youtube.com/watch?v=p4nAnWlidTA
1059,3,AE,TLID,3,17,team_b,11:54,714,blue,red,https://www.youtube.com/watch?v=LUgfh0JQjiY
1060,1,NAVI,DEWA,10,3,team_a,14:23,863,blue,red,https://www.youtube.com/watch?v=TrHBtu85EqQ
1060,2,NAVI,DEWA,14,4,team_a,15:17,917,blue,red,https://www.youtube.com/watch?v=c1B8YwyHf8U
1061,1,TLID,RRQ,14,2,team_a,13:49,829,blue,red,https://www.youtube.com/watch?v=J3PGeyjQ4Z4
1061,2,RRQ,TLID,4,15,team_b,12:10,730,blue,red,https://www.youtube.com/watch?v=AmEdvsIrBUc
1062,1,DEWA,ONIC,13,0,team_a,13:45,825,blue,red,https://www.youtube.com/watch?v=MU_Hf9Yd-ys
1062,2,ONIC,DEWA,21,6,team_a,18:34,1114,blue,red,https://www.youtube.com/watch?v=cw9gRrJWn_o
1062,3,DEWA,ONIC,11,1,team_a,13:05,785,blue,red,https://www.youtube.com/watch?v=yZrRSBSk8P0
1063,1,BTR,EVOS,9,4,team_a,16:33,993,blue,red,https://www.youtube.com/watch?v=SPoTe56nZzA
1063,2,EVOS,BTR,20,23,team_a,31:04,1864,blue,red,https://www.youtube.com/watch?v=IIGwx5qlkXQ
1063,3,EVOS,BTR,17,13,team_a,15:38,938,blue,red,https://www.youtube.com/watch?v=rq0o4E1CY2E
1064,1,AE,GEEK,21,3,team_a,16:23,983,blue,red,https://www.youtube.com/watch?v=_od5vf_rMhc
1064,2,AE,GEEK,21,23,team_a,24:11,1451,blue,red,https://www.youtube.com/watch?v=SZjzA49OyGA
1065,1,RRQ,NAVI,1,13,team_b,13:54,834,blue,red,https://www.youtube.com/watch?v=2mdp0uE5ydo
1065,2,RRQ,NAVI,8,14,team_b,22:19,1339,blue,red,https://www.youtube.com/watch?v=Vz4esOK6mBI
1066,1,ONIC,EVOS,15,9,team_a,24:50,1490,blue,red,https://www.youtube.com/watch?v=hzYdswNmpqU
1066,2,EVOS,ONIC,1,11,team_b,13:44,824,blue,red,https://www.youtube.com/watch?v=rhafLtEZmTo
1067,1,AE,BTR,18,5,team_a,11:18,678,blue,red,https://www.youtube.com/watch?v=psEut1ttRqw
1067,2,AE,BTR,13,3,team_a,10:55,655,blue,red,https://www.youtube.com/watch?v=kD23dn1anwA
1068,1,EVOS,DEWA,5,13,team_b,10:56,656,blue,red,https://www.youtube.com/watch?v=A2tc_KX7-8g
1068,2,DEWA,EVOS,4,17,team_b,15:43,943,blue,red,https://www.youtube.com/watch?v=cDWSm-6TbsY
1068,3,EVOS,DEWA,15,3,team_a,10:59,659,blue,red,https://www.youtube.com/watch?v=_M8OitW1-hU
1069,1,GEEK,ONIC,9,4,team_a,13:40,820,blue,red,https://www.youtube.com/watch?v=a7a2ljVeA8s
1069,2,ONIC,GEEK,17,3,team_a,16:43,1003,blue,red,https://www.youtube.com/watch?v=wrmInd3tM9g
1069,3,GEEK,ONIC,17,2,team_a,14:03,843,blue,red,https://www.youtube.com/watch?v=Yrupdr_Nlao
1070,1,TLID,BTR,9,8,team_a,12:48,768,blue,red,https://www.youtube.com/watch?v=n4Sc_aGK0QQ
1070,2,BTR,TLID,11,16,team_b,19:08,1148,blue,red,https://www.youtube.com/watch?v=8Y99aIzbTdE
1071,1,AE,RRQ,28,11,team_a,19:20,1160,blue,red,https://www.youtube.com/watch?v=JfEnpzAEV6w
1071,2,AE,RRQ,19,4,team_a,11:32,692,blue,red,https://www.youtube.com/watch?v=lEQQmWugu5g
1072,1,NAVI,EVOS,18,10,team_a,23:25,1405,blue,red,https://www.youtube.com/watch?v=Yp-FyFDKXOg
1072,2,EVOS,NAVI,1,12,team_b,20:06,1206,blue,red,https://www.youtube.com/watch?v=dp2dLvXILAo
1073,1,GEEK,TLID,5,12,team_b,15:23,923,blue,red,https://www.youtube.com/watch?v=SDHKUpo_6V4
1073,2,TLID,GEEK,14,5,team_a,13:21,801,blue,red,https://www.youtube.com/watch?v=IE2962YNDDo
1074,1,ONIC,AE,6,12,team_b,16:17,977,blue,red,https://www.youtube.com/watch?v=QkzRDqSiFiQ
1074,2,AE,ONIC,28,26,team_a,27:06,1626,blue,red,https://www.youtube.com/watch?v=PLkaw1AceoY
1075,1,DEWA,RRQ,15,8,team_a,11:54,714,blue,red,https://www.youtube.com/watch?v=2GDRriUVj_8
1075,2,RRQ,DEWA,14,8,team_a,20:53,1253,blue,red,https://www.youtube.com/watch?v=SMTogZmNUmE
1075,3,RRQ,DEWA,10,15,team_b,22:12,1332,blue,red,https://www.youtube.com/watch?v=6L6LN8O60Kc
1076,1,ONIC,GEEK,3,13,team_b,11:03,663,blue,red,https://www.youtube.com/watch?v=_9-JhlcgY7M
1076,2,GEEK,ONIC,20,2,team_a,12:26,746,blue,red,https://www.youtube.com/watch?v=5RI740prsto
1077,1,DEWA,EVOS,4,15,team_b,13:52,832,blue,red,https://www.youtube.com/watch?v=Kyc4RTParr0
1077,2,DEWA,EVOS,8,19,team_b,16:56,1016,blue,red,https://www.youtube.com/watch?v=g77-vYST9xo
1078,1,GEEK,NAVI,5,17,team_b,13:38,818,blue,red,https://www.youtube.com/watch?v=q5ED-CGBYes
1078,2,GEEK,NAVI,11,16,team_b,24:54,1494,blue,red,https://www.youtube.com/watch?v=_zDDNEG20jk
1079,1,RRQ,AE,13,4,team_a,15:25,925,blue,red,https://www.youtube.com/watch?v=WAE3HirNooA
1079,2,AE,RRQ,20,5,team_a,11:17,677,blue,red,https://www.youtube.com/watch?v=0oq-hGoHdF0
1079,3,RRQ,AE,5,15,team_b,16:50,1010,blue,red,https://www.youtube.com/watch?v=-iNOr3xECS8
1080,1,TLID,BTR,19,1,team_a,12:30,750,blue,red,https://www.youtube.com/watch?v=A0sL-3oBLF0
1080,2,TLID,BTR,17,2,team_a,10:03,603,blue,red,https://www.youtube.com/watch?v=jDPYPiKo7G4
1081,1,DEWA,AE,19,12,team_a,18:07,1087,blue,red,https://www.youtube.com/watch?v=UbwjOpgXkLM
1081,2,AE,DEWA,12,17,team_b,14:28,868,blue,red,https://www.youtube.com/watch?v=RfLDNYxVPbU
1082,1,ONIC,BTR,20,13,team_a,20:10,1210,blue,red,https://www.youtube.com/watch?v=2bvmtR9gTrk
1082,2,ONIC,BTR,16,3,team_a,16:44,1004,blue,red,https://www.youtube.com/watch?v=czudi30UdmM
1083,1,EVOS,TLID,8,13,team_b,21:06,1266,blue,red,https://www.youtube.com/watch?v=9UqTkx7w4WY
1083,2,TLID,EVOS,14,18,team_b,22:03,1323,blue,red,https://www.youtube.com/watch?v=nexF0lxXJVk
1083,3,EVOS,TLID,16,6,team_a,13:48,828,blue,red,https://www.youtube.com/watch?v=UCCZ-F2bidU
1084,1,GEEK,BTR,13,17,team_b,17:24,1044,blue,red,https://www.youtube.com/watch?v=WEHJTOi5mZM
1084,2,BTR,GEEK,14,17,team_b,16:31,991,blue,red,https://www.youtube.com/watch?v=_anTj0brjRM
1084,3,GEEK,BTR,5,14,team_b,15:07,907,blue,red,https://www.youtube.com/watch?v=utlQlPiteDw
1085,1,DEWA,TLID,1,14,team_b,10:12,612,blue,red,https://www.youtube.com/watch?v=O9ExcrV029Q
1085,2,DEWA,TLID,14,5,team_a,15:18,918,blue,red,https://www.youtube.com/watch?v=4cDA2FHYS1I
1085,3,DEWA,TLID,14,3,team_a,14:11,851,blue,red,https://www.youtube.com/watch?v=MCgSHkwhVps
1086,1,AE,NAVI,10,21,team_b,15:22,922,blue,red,https://www.youtube.com/watch?v=3kr_kODbnoY
1086,2,AE,NAVI,10,14,team_a,17:25,1045,blue,red,https://www.youtube.com/watch?v=3PjlTwJbnYc
1086,3,NAVI,AE,15,6,team_a,11:23,683,blue,red,https://www.youtube.com/watch?v=W-Dlk147yd4
1087,1,BTR,RRQ,27,15,team_a,19:25,1165,blue,red,https://www.youtube.com/watch?v=NrG5qwXhsiM
1087,2,RRQ,BTR,16,21,team_a,22:09,1329,blue,red,https://www.youtube.com/watch?v=NrG5qwXhsiM
1087,3,BTR,RRQ,12,8,team_a,16:43,1003,blue,red,https://www.youtube.com/watch?v=_kPG_uqGDKM
1088,1,DEWA,GEEK,18,25,team_b,25:54,1554,blue,red,https://www.youtube.com/watch?v=yjYYl7YDJW4
1088,2,DEWA,GEEK,22,11,team_a,16:15,975,blue,red,https://www.youtube.com/watch?v=20zZ_DzcrRU
1088,3,DEWA,GEEK,2,10,team_b,14:15,855,blue,red,https://www.youtube.com/watch?v=0Q7p1jS8wWc
1089,1,TLID,AE,20,7,team_a,19:05,1145,blue,red,https://www.youtube.com/watch?v=1rboyjt5208
1089,2,TLID,AE,12,4,team_a,13:24,804,blue,red,https://www.youtube.com/watch?v=vHXbzq_QpCk
1090,1,RRQ,EVOS,8,10,team_a,14:42,882,blue,red,https://www.youtube.com/watch?v=F5e2RezrKPE
1090,2,EVOS,RRQ,17,5,team_a,14:35,875,blue,red,https://www.youtube.com/watch?v=VpNfE8tgA3I
1090,3,RRQ,EVOS,11,4,team_a,18:13,1093,blue,red,https://www.youtube.com/watch?v=KGYNtJ9jm2o
1091,1,ONIC,NAVI,12,1,team_a,17:07,1027,blue,red,https://www.youtube.com/watch?v=ISUIBSwc5fU
1091,2,NAVI,ONIC,13,5,team_a,14:47,887,blue,red,https://www.youtube.com/watch?v=BrIOYoe5PR4
1091,3,ONIC,NAVI,15,6,team_a,14:16,856,blue,red,https://www.youtube.com/watch?v=aHZA-FbJvH8
1092,1,AE,BTR,14,19,team_a,19:26,1166,blue,red,https://www.youtube.com/watch?v=QXABsxilOxs
1092,2,BTR,AE,8,9,team_b,13:26,806,blue,red,https://www.youtube.com/watch?v=P1c2CTxSdPw
1093,1,NAVI,TLID,15,5,team_a,13:58,838,blue,red,https://www.youtube.com/watch?v=7Fk2t0Kc9-Q
1093,2,NAVI,TLID,16,12,team_a,21:20,1280,blue,red,https://www.youtube.com/watch?v=t1WIG6NiA5E
1094,1,EVOS,ONIC,16,8,team_a,16:05,965,blue,red,https://www.youtube.com/watch?v=B-WfVUnGeSY
1094,2,ONIC,EVOS,12,6,team_a,14:36,876,blue,red,https://www.youtube.com/watch?v=uhiC4OG6OlE
1094,3,EVOS,ONIC,14,6,team_a,11:08,668,blue,red,https://www.youtube.com/watch?v=xRbyArHfMNk
1096,1,DEWA,NAVI,3,14,team_b,13:02,782,blue,red,https://www.youtube.com/watch?v=dpYM22m3GJs
1096,2,DEWA,NAVI,3,15,team_b,14:30,870,blue,red,https://www.youtube.com/watch?v=iAOC9SdFpto
