player,team,team_slug,lane,total_games,total_kills,avg_kills,total_deaths,avg_deaths,total_assists,avg_assists,avg_kda,kill_participation
MORENOOO,BIGETRON BY VIT,btr,MID,27,64,2.37,48,1.78,203,7.52,5.56,85%
EMANN,BIGETRON BY VIT,btr,GOLD,27,63,2.33,52,1.93,130,4.81,3.71,61%
FINN,BIGETRON BY VIT,btr,ROAM,27,20,0.74,65,2.41,231,8.56,3.86,80%
NNAEL,BIGETRON BY VIT,btr,JUNGLE,27,145,5.37,75,2.78,116,4.3,3.48,83%
SHOGUN,BIGETRON BY VIT,btr,EXP,27,23,0.85,73,2.7,205,7.59,3.12,72%
MIGUEL,BIGETRON BY VIT,btr,MID,0,0,0.0,0,0.0,0,0.0,0.0,0%
ALBERTTT,EVOS,evos,JUNGLE,18,79,4.39,32,1.78,51,2.83,4.06,76%
ERLAN,EVOS,evos,GOLD,23,63,2.74,27,1.17,90,3.91,5.67,62%
VELL,EVOS,evos,EXP,7,14,2.0,13,1.86,46,6.57,4.62,69%
MUEZZA,EVOS,evos,ROAM,18,4,0.22,66,3.67,131,7.28,2.05,79%
RENDYYY,EVOS,evos,EXP,21,38,1.81,64,3.05,100,4.76,2.16,58%
DRIANW,EVOS,evos,MID,5,11,2.2,6,1.2,20,4.0,5.17,79%
Ryzaa,EVOS,evos,MID,18,32,1.78,37,2.06,131,7.28,4.41,78%
HAJIRIN,RRQ HOSHI,rrq,MID,20,37,1.85,53,2.65,94,4.7,2.47,79%
SAID,RRQ HOSHI,rrq,ROAM,22,17,0.77,75,3.41,115,5.23,1.76,75%
JOSHUA,RRQ HOSHI,rrq,EXP,24,25,1.04,72,3.0,90,3.75,1.6,61%
DEMONKITE,RRQ HOSHI,rrq,JUNGLE,18,42,2.33,35,1.94,57,3.17,2.83,73%
ARTHUR,RRQ HOSHI,rrq,GOLD,18,37,2.06,44,2.44,39,2.17,1.73,56%
HABIL,RRQ HOSHI,rrq,GOLD,6,10,1.67,13,2.17,24,4.0,2.62,62%
CLAYYY,RRQ HOSHI,rrq,MID,4,5,1.25,10,2.5,16,4.0,2.1,88%
Excellent99,RRQ HOSHI,rrq,,2,1,0.5,16,8.0,5,2.5,0.38,40%
KIBOY,ONIC,onic,ROAM,26,22,0.85,81,3.12,188,7.23,2.59,78%
SANZ,ONIC,onic,MID,17,38,2.24,24,1.41,103,6.06,5.88,81%
KAIRI,ONIC,onic,JUNGLE,26,97,3.73,44,1.69,115,4.42,4.82,79%
LUTPI,ONIC,onic,EXP,26,22,0.85,71,2.73,159,6.12,2.55,67%
KELRA,ONIC,onic,GOLD,26,67,2.58,31,1.19,115,4.42,5.87,67%
SSAMUEL,ONIC,onic,ROAM,5,8,1.6,18,3.6,28,5.6,2.0,65%
Killuaa,ONIC,onic,,4,16,4.0,7,1.75,21,5.25,5.29,90%
Nino,ALTER EGO ESPORTS,ae,EXP,27,53,1.96,58,2.15,192,7.11,4.22,66%
Dingarai,ALTER EGO ESPORTS,ae,GOLD,27,122,4.52,51,1.89,116,4.3,4.67,64%
Alexander,ALTER EGO ESPORTS,ae,ROAM,27,32,1.19,67,2.48,230,8.52,3.91,70%
Dalvin,ALTER EGO ESPORTS,ae,MID,27,52,1.93,54,2.0,233,8.63,5.28,76%
Halim,ALTER EGO ESPORTS,ae,MID,0,0,0.0,0,0.0,0,0.0,0.0,0%
Reyy,ALTER EGO ESPORTS,ae,JUNGLE,0,0,0.0,0,0.0,0,0.0,0.0,0%
Affan,ALTER EGO ESPORTS,ae,JUNGLE,27,114,4.22,57,2.11,152,5.63,4.67,71%
ABOYY,GEEK FAM,geek,MID,29,61,2.1,59,2.03,168,5.79,3.88,82%
KENNZYYSKIE,GEEK FAM,geek,GOLD,29,97,3.34,68,2.34,95,3.28,2.82,69%
NAZARA,GEEK FAM,geek,JUNGLE,15,33,2.2,36,2.4,53,3.53,2.39,67%
MARCEL,GEEK FAM,geek,EXP,24,35,1.46,79,3.29,120,5.0,1.96,64%
AUDYTZY,GEEK FAM,geek,ROAM,11,5,0.45,33,3.0,71,6.45,2.3,75%
FEBRIII,GEEK FAM,geek,EXP,5,2,0.4,15,3.0,21,4.2,1.53,66%
Frenzyy,GEEK FAM,geek,ROAM,18,8,0.44,44,2.44,122,6.78,2.95,74%
MAYKIDSS,GEEK FAM,geek,JUNGLE,14,37,2.64,39,2.79,76,5.43,2.9,76%
OCTA,DEWA UNITED,dewa,MID,26,38,1.46,30,1.15,156,6.0,6.47,73%
MAYBEEE,DEWA UNITED,dewa,GOLD,26,63,2.42,36,1.38,101,3.88,4.56,62%
QINN,DEWA UNITED,dewa,EXP,26,55,2.12,73,2.81,128,4.92,2.51,69%
KAYN,DEWA UNITED,dewa,JUNGLE,9,23,2.56,26,2.89,29,3.22,2.0,63%
ITOSHI KESU,DEWA UNITED,dewa,ROAM,13,4,0.31,49,3.77,74,5.69,1.59,64%
RUL GOOD,DEWA UNITED,dewa,MID,0,0,0.0,0,0.0,0,0.0,0.0,0%
Hazle,DEWA UNITED,dewa,JUNGLE,17,79,4.65,41,2.41,69,4.06,3.61,81%
SHANEE,DEWA UNITED,dewa,ROAM,13,4,0.31,35,2.69,101,7.77,3.0,72%
ARAN,TEAM LIQUID ID,tlid,EXP,29,37,1.28,47,1.62,177,6.1,4.55,64%
KEVIN,TEAM LIQUID ID,tlid,JUNGLE,29,133,4.59,57,1.97,118,4.07,4.4,74%
DRICHEL,TEAM LIQUID ID,tlid,MID,29,60,2.07,38,1.31,181,6.24,6.34,72%
LYONI,TEAM LIQUID ID,tlid,ROAM,29,19,0.66,73,2.52,242,8.34,3.58,77%
KEVEN,TEAM LIQUID ID,tlid,GOLD,29,88,3.03,35,1.21,132,4.55,6.29,65%
ANAVER,TEAM LIQUID ID,tlid,MID,0,0,0.0,0,0.0,0,0.0,0.0,0%
KARSS,NAVI,navi,EXP,25,27,1.08,56,2.24,166,6.64,3.45,65%
APRHO,NAVI,navi,ROAM,25,29,1.16,50,2.0,196,7.84,4.5,76%
ANDORYUUU,NAVI,navi,JUNGLE,12,43,3.58,27,2.25,50,4.17,3.44,84%
ZEONN,NAVI,navi,GOLD,25,58,2.32,19,0.76,132,5.28,10.0,64%
JIIZEE,NAVI,navi,MID,25,61,2.44,27,1.08,179,7.16,8.89,81%
FEBBB,NAVI,navi,EXP,0,0,0.0,0,0.0,0,0.0,0.0,0%
Joshuaa,NAVI,navi,JUNGLE,13,80,6.15,15,1.15,71,5.46,10.07,81%
