schedule_id,team_a,team_b,score_a,score_b,date,iso_date,iso_datetime,status,winner,vod_url,match_detail_id,match_detail_url
id-w1-0,EVOS,RRQ,2,0,"Friday, 14 August 2026",2026-08-14,2026-08-14T15:00:00+07:00,completed,team_a,https://www.youtube.com/watch?v=40fehk2f4_E,1036,https://id-mpl.com/match-detail/1036
id-w1-1,NAVI,AE,0,2,"Friday, 14 August 2026",2026-08-14,2026-08-14T18:00:00+07:00,completed,team_b,https://www.youtube.com/watch?v=40fehk2f4_E,1037,https://id-mpl.com/match-detail/1037
id-w1-2,TLID,GEEK,2,1,"Saturday, 15 August 2026",2026-08-15,2026-08-15T14:00:00+07:00,completed,team_a,https://youtube.com/watch?v=tpgvzhEO1Qc,1038,https://id-mpl.com/match-detail/1038
id-w1-3,DEWA,RRQ,1,2,"Saturday, 15 August 2026",2026-08-15,2026-08-15T17:00:00+07:00,completed,team_b,https://youtube.com/watch?v=tpgvzhEO1Qc,1039,https://id-mpl.com/match-detail/1039
id-w1-4,EVOS,NAVI,1,2,"Saturday, 15 August 2026",2026-08-15,2026-08-15T20:00:00+07:00,completed,team_b,https://youtube.com/watch?v=tpgvzhEO1Qc,1040,https://id-mpl.com/match-detail/1040
id-w1-5,TLID,DEWA,2,0,"Sunday, 16 August 2026",2026-08-16,2026-08-16T14:00:00+07:00,completed,team_a,https://www.youtube.com/live/X1yGjaXTbww,1041,https://id-mpl.com/match-detail/1041
id-w1-6,BTR,GEEK,2,1,"Sunday, 16 August 2026",2026-08-16,2026-08-16T17:00:00+07:00,completed,team_a,https://www.youtube.com/live/X1yGjaXTbww,1042,https://id-mpl.com/match-detail/1042
id-w1-7,AE,ONIC,0,2,"Sunday, 16 August 2026",2026-08-16,2026-08-16T20:00:00+07:00,completed,team_b,https://www.youtube.com/live/X1yGjaXTbww,1043,https://id-mpl.com/match-detail/1043
id-w2-0,TLID,NAVI,0,2,"Friday, 21 August 2026",2026-08-21,2026-08-21T15:00:00+07:00,completed,team_b,https://www.youtube.com/watch?v=O1vhySUmgj0,1044,https://id-mpl.com/match-detail/1044
id-w2-1,BTR,DEWA,2,0,"Friday, 21 August 2026",2026-08-21,2026-08-21T18:00:00+07:00,completed,team_a,https://www.youtube.com/watch?v=O1vhySUmgj0,1045,https://id-mpl.com/match-detail/1045
id-w2-2,TLID,EVOS,2,0,"Saturday, 22 August 2026",2026-08-22,2026-08-22T14:00:00+07:00,completed,team_a,https://www.youtube.com/watch?v=QsOUpAE-Jd8,1046,https://id-mpl.com/match-detail/1046
id-w2-3,NAVI,GEEK,2,1,"Saturday, 22 August 2026",2026-08-22,2026-08-22T17:00:00+07:00,completed,team_a,https://www.youtube.com/watch?v=QsOUpAE-Jd8,1047,https://id-mpl.com/match-detail/1047
id-w2-4,ONIC,RRQ,2,0,"Saturday, 22 August 2026",2026-08-22,2026-08-22T20:00:00+07:00,completed,team_a,https://www.youtube.com/watch?v=QsOUpAE-Jd8,1048,https://id-mpl.com/match-detail/1048
id-w2-5,DEWA,AE,0,2,"Sunday, 23 August 2026",2026-08-23,2026-08-23T14:00:00+07:00,completed,team_b,https://www.youtube.com/watch?v=C-H_iCLxtL8,1049,https://id-mpl.com/match-detail/1049
id-w2-6,ONIC,BTR,1,2,"Sunday, 23 August 2026",2026-08-23,2026-08-23T17:00:00+07:00,completed,team_b,https://www.youtube.com/watch?v=C-H_iCLxtL8,1050,https://id-mpl.com/match-detail/1050
id-w2-7,GEEK,EVOS,0,2,"Sunday, 23 August 2026",2026-08-23,2026-08-23T20:00:00+07:00,completed,team_b,https://www.youtube.com/watch?v=C-H_iCLxtL8,1051,https://id-mpl.com/match-detail/1051
id-w3-0,BTR,NAVI,2,0,"Friday, 28 August 2026",2026-08-28,2026-08-28T15:00:00+07:00,completed,team_a,https://www.youtube.com/watch?v=9c2wPhSYTGA,1052,https://id-mpl.com/match-detail/1052
id-w3-1,DEWA,GEEK,2,0,"Friday, 28 August 2026",2026-08-28,2026-08-28T18:00:00+07:00,completed,team_a,https://www.youtube.com/watch?v=9c2wPhSYTGA,1053,https://id-mpl.com/match-detail/1053
id-w3-2,TLID,ONIC,2,1,"Saturday, 29 August 2026",2026-08-29,2026-08-29T14:00:00+07:00,completed,team_a,https://www.youtube.com/watch?v=FDioYoG4ads,1054,https://id-mpl.com/match-detail/1054
id-w3-3,AE,EVOS,2,0,"Saturday, 29 August 2026",2026-08-29,2026-08-29T17:00:00+07:00,completed,team_a,https://www.youtube.com/watch?v=FDioYoG4ads,1055,https://id-mpl.com/match-detail/1055
id-w3-4,RRQ,BTR,1,2,"Saturday, 29 August 2026",2026-08-29,2026-08-29T20:00:00+07:00,completed,team_b,https://www.youtube.com/watch?v=FDioYoG4ads,1056,https://id-mpl.com/match-detail/1056
id-w3-5,NAVI,ONIC,2,0,"Sunday, 30 August 2026",2026-08-30,2026-08-30T14:00:00+07:00,completed,team_a,https://www.youtube.com/live/3bAUu2t3FGI?si=ambF7BnCnnL-Obv5,1057,https://id-mpl.com/match-detail/1057
id-w3-6,GEEK,RRQ,0,2,"Sunday, 30 August 2026",2026-08-30,2026-08-30T17:00:00+07:00,completed,team_b,https://www.youtube.com/live/3bAUu2t3FGI?si=ambF7BnCnnL-Obv5,1058,https://id-mpl.com/match-detail/1058
id-w3-7,TLID,AE,2,1,"Sunday, 30 August 2026",2026-08-30,2026-08-30T20:00:00+07:00,completed,team_a,https://www.youtube.com/live/3bAUu2t3FGI?si=ambF7BnCnnL-Obv5,1059,https://id-mpl.com/match-detail/1059
id-w4-0,NAVI,DEWA,2,0,"Friday, 4 September 2026",2026-09-04,2026-09-04T15:00:00+07:00,completed,team_a,https://www.youtube.com/watch?v=W-LSKxUkUi4,1060,https://id-mpl.com/match-detail/1060
id-w4-1,TLID,RRQ,2,0,"Friday, 4 September 2026",2026-09-04,2026-09-04T18:00:00+07:00,completed,team_a,https://www.youtube.com/watch?v=W-LSKxUkUi4,1061,https://id-mpl.com/match-detail/1061
id-w4-2,DEWA,ONIC,2,1,"Saturday, 5 September 2026",2026-09-05,2026-09-05T14:00:00+07:00,completed,team_a,https://www.youtube.com/watch?v=-M1_bwTRlHk,1062,https://id-mpl.com/match-detail/1062
id-w4-3,EVOS,BTR,2,1,"Saturday, 5 September 2026",2026-09-05,2026-09-05T17:00:00+07:00,completed,team_a,https://www.youtube.com/watch?v=-M1_bwTRlHk,1063,https://id-mpl.com/match-detail/1063
id-w4-4,AE,GEEK,2,0,"Saturday, 5 September 2026",2026-09-05,2026-09-05T20:00:00+07:00,completed,team_a,https://www.youtube.com/watch?v=-M1_bwTRlHk,1064,https://id-mpl.com/match-detail/1064
id-w4-5,RRQ,NAVI,0,2,"Sunday, 6 September 2026",2026-09-06,2026-09-06T14:00:00+07:00,completed,team_b,https://www.youtube.com/watch?v=nu3RfzQdsec,1065,https://id-mpl.com/match-detail/1065
id-w4-6,ONIC,EVOS,2,0,"Sunday, 6 September 2026",2026-09-06,2026-09-06T17:00:00+07:00,completed,team_a,https://www.youtube.com/watch?v=nu3RfzQdsec,1066,https://id-mpl.com/match-detail/1066
id-w4-7,BTR,AE,0,2,"Sunday, 6 September 2026",2026-09-06,2026-09-06T20:00:00+07:00,completed,team_b,https://www.youtube.com/watch?v=nu3RfzQdsec,1067,https://id-mpl.com/match-detail/1067
id-w5-0,GEEK,ONIC,2,1,"Friday, 11 September 2026",2026-09-11,2026-09-11T18:00:00+07:00,completed,team_a,https://www.youtube.com/watch?v=TeegcSSZJbI,1069,https://id-mpl.com/match-detail/1069
id-w5-1,TLID,BTR,2,0,"Saturday, 12 September 2026",2026-09-12,2026-09-12T14:00:00+07:00,completed,team_a,https://www.youtube.com/watch?v=ykgecDVRvlI,1070,https://id-mpl.com/match-detail/1070
id-w5-2,AE,RRQ,2,0,"Saturday, 12 September 2026",2026-09-12,2026-09-12T17:00:00+07:00,completed,team_a,https://www.youtube.com/watch?v=ykgecDVRvlI,1071,https://id-mpl.com/match-detail/1071
id-w5-3,NAVI,EVOS,2,0,"Saturday, 12 September 2026",2026-09-12,2026-09-12T20:00:00+07:00,completed,team_a,https://www.youtube.com/watch?v=ykgecDVRvlI,1072,https://id-mpl.com/match-detail/1072
id-w5-4,GEEK,TLID,0,2,"Sunday, 13 September 2026",2026-09-13,2026-09-13T14:00:00+07:00,completed,team_b,https://www.youtube.com/watch?v=YPbOKyQltIo,1073,https://id-mpl.com/match-detail/1073
id-w5-5,ONIC,AE,0,2,"Sunday, 13 September 2026",2026-09-13,2026-09-13T17:00:00+07:00,completed,team_b,https://www.youtube.com/watch?v=YPbOKyQltIo,1074,https://id-mpl.com/match-detail/1074
id-w6-0,ONIC,GEEK,0,2,"Friday, 18 September 2026",2026-09-18,2026-09-18T14:00:00+07:00,completed,team_b,https://www.youtube.com/watch?v=wRRWT8fO_h0,1076,https://id-mpl.com/match-detail/1076
id-w6-1,DEWA,EVOS,0,2,"Friday, 18 September 2026",2026-09-18,2026-09-18T17:00:00+07:00,completed,team_b,https://www.youtube.com/watch?v=wRRWT8fO_h0,1077,https://id-mpl.com/match-detail/1077
id-w6-2,RRQ,DEWA,1,2,"Friday, 18 September 2026",2026-09-18,2026-09-18T20:00:00+07:00,completed,team_b,https://www.youtube.com/watch?v=wRRWT8fO_h0,1075,https://id-mpl.com/match-detail/1075
id-w6-3,GEEK,NAVI,0,2,"Saturday, 19 September 2026",2026-09-19,2026-09-19T14:00:00+07:00,completed,team_b,https://www.youtube.com/watch?v=5tOPeDiETK0,1078,https://id-mpl.com/match-detail/1078
id-w6-4,RRQ,AE,1,2,"Saturday, 19 September 2026",2026-09-19,2026-09-19T17:00:00+07:00,completed,team_b,https://www.youtube.com/watch?v=5tOPeDiETK0,1079,https://id-mpl.com/match-detail/1079
id-w6-5,BTR,TLID,0,2,"Saturday, 19 September 2026",2026-09-19,2026-09-19T20:00:00+07:00,completed,team_b,https://www.youtube.com/watch?v=5tOPeDiETK0,1080,https://id-mpl.com/match-detail/1080
id-w6-6,AE,DEWA,0,2,"Sunday, 20 September 2026",2026-09-20,2026-09-20T14:00:00+07:00,completed,team_b,https://www.youtube.com/watch?v=K30JsmMhQ4Q,1081,https://id-mpl.com/match-detail/1081
id-w6-7,BTR,ONIC,0,2,"Sunday, 20 September 2026",2026-09-20,2026-09-20T17:00:00+07:00,completed,team_b,https://www.youtube.com/watch?v=K30JsmMhQ4Q,1082,https://id-mpl.com/match-detail/1082
id-w6-8,EVOS,TLID,2,1,"Sunday, 20 September 2026",2026-09-20,2026-09-20T20:00:00+07:00,completed,team_a,https://www.youtube.com/watch?v=K30JsmMhQ4Q,1083,https://id-mpl.com/match-detail/1083
id-w7-0,GEEK,BTR,1,2,"Friday, 2 October 2026",2026-10-02,2026-10-02T15:00:00+07:00,completed,team_b,https://www.youtube.com/watch?v=Nd_s3qCnRPY,1084,https://id-mpl.com/match-detail/1084
id-w7-1,DEWA,TLID,2,1,"Friday, 2 October 2026",2026-10-02,2026-10-02T18:00:00+07:00,completed,team_a,https://www.youtube.com/watch?v=Nd_s3qCnRPY,1085,https://id-mpl.com/match-detail/1085
id-w7-2,AE,NAVI,1,2,"Saturday, 3 October 2026",2026-10-03,2026-10-03T14:00:00+07:00,live,,,,
id-w7-3,BTR,RRQ,2,1,"Saturday, 3 October 2026",2026-10-03,2026-10-03T17:00:00+07:00,completed,team_a,https://www.youtube.com/watch?v=px_HftyZBxo,1087,https://id-mpl.com/match-detail/1087
id-w7-4,GEEK,DEWA,1,1,"Saturday, 3 October 2026",2026-10-03,2026-10-03T20:00:00+07:00,live,,,,
id-w7-5,AE,TLID,,,"Sunday, 4 October 2026",2026-10-04,2026-10-04T14:00:00+07:00,upcoming,,,,
id-w7-6,RRQ,EVOS,,,"Sunday, 4 October 2026",2026-10-04,2026-10-04T17:00:00+07:00,upcoming,,,,
id-w7-7,ONIC,NAVI,,,"Sunday, 4 October 2026",2026-10-04,2026-10-04T20:00:00+07:00,upcoming,,,,
id-w8-0,EVOS,DEWA,,,"Thursday, 8 October 2026",2026-10-08,2026-10-08T14:00:00+07:00,upcoming,,,,
id-w8-1,AE,BTR,,,"Thursday, 8 October 2026",2026-10-08,2026-10-08T17:00:00+07:00,upcoming,,,,
id-w8-2,NAVI,TLID,,,"Thursday, 8 October 2026",2026-10-08,2026-10-08T20:00:00+07:00,upcoming,,,,
id-w8-3,EVOS,ONIC,,,"Friday, 9 October 2026",2026-10-09,2026-10-09T14:00:00+07:00,upcoming,,,,
id-w8-4,RRQ,TLID,,,"Friday, 9 October 2026",2026-10-09,2026-10-09T17:00:00+07:00,upcoming,,,,
id-w8-5,DEWA,NAVI,,,"Friday, 9 October 2026",2026-10-09,2026-10-09T20:00:00+07:00,upcoming,,,,
id-w8-6,EVOS,GEEK,,,"Sunday, 11 October 2026",2026-10-11,2026-10-11T14:00:00+07:00,upcoming,,,,
id-w8-7,RRQ,ONIC,,,"Sunday, 11 October 2026",2026-10-11,2026-10-11T17:00:00+07:00,upcoming,,,,
id-w8-8,DEWA,BTR,,,"Sunday, 11 October 2026",2026-10-11,2026-10-11T20:00:00+07:00,upcoming,,,,
id-w9-0,NAVI,RRQ,,,"Friday, 16 October 2026",2026-10-16,2026-10-16T15:00:00+07:00,upcoming,,,,
id-w9-1,GEEK,AE,,,"Friday, 16 October 2026",2026-10-16,2026-10-16T18:00:00+07:00,upcoming,,,,
id-w9-2,ONIC,DEWA,,,"Saturday, 17 October 2026",2026-10-17,2026-10-17T14:00:00+07:00,upcoming,,,,
id-w9-3,BTR,EVOS,,,"Saturday, 17 October 2026",2026-10-17,2026-10-17T17:00:00+07:00,upcoming,,,,
id-w9-4,RRQ,GEEK,,,"Saturday, 17 October 2026",2026-10-17,2026-10-17T20:00:00+07:00,upcoming,,,,
id-w9-5,EVOS,AE,,,"Sunday, 18 October 2026",2026-10-18,2026-10-18T14:00:00+07:00,upcoming,,,,
id-w9-6,NAVI,BTR,,,"Sunday, 18 October 2026",2026-10-18,2026-10-18T17:00:00+07:00,upcoming,,,,
id-w9-7,ONIC,TLID,,,"Sunday, 18 October 2026",2026-10-18,2026-10-18T20:00:00+07:00,upcoming,,,,
id-playoffs-0,TBD,TBD,,,"Wednesday, 4 November 2026",2026-11-04,2026-11-04T13:00:00+07:00,upcoming,,,,
id-playoffs-1,TBD,TBD,,,"Wednesday, 4 November 2026",2026-11-04,2026-11-04T18:00:00+07:00,upcoming,,,,
id-playoffs-2,TBD,TBD,,,"Thursday, 5 November 2026",2026-11-05,2026-11-05T13:00:00+07:00,upcoming,,,,
id-playoffs-3,TBD,TBD,,,"Thursday, 5 November 2026",2026-11-05,2026-11-05T18:00:00+07:00,upcoming,,,,
id-playoffs-4,TBD,TBD,,,"Friday, 6 November 2026",2026-11-06,2026-11-06T13:00:00+07:00,upcoming,,,,
id-playoffs-5,TBD,TBD,,,"Friday, 6 November 2026",2026-11-06,2026-11-06T18:00:00+07:00,upcoming,,,,
id-playoffs-6,TBD,TBD,,,"Saturday, 7 November 2026",2026-11-07,2026-11-07T16:00:00+07:00,upcoming,,,,
id-playoffs-7,TBD,TBD,,,"Sunday, 8 November 2026",2026-11-08,2026-11-08T16:00:00+07:00,upcoming,,,,
